height,weight,BMI
1.78,80,25.2493372
1.82,94,28.37821519
1.68,78,27.63605442
1.75,72,23.51020408
1.74,75,24.77209671
1.73,75,25.05930703
1.68,72,25.51020408
1.83,80,23.88844098
1.7,72,24.91349481
1.68,60,21.2585034
1.75,68,22.20408163
1.78,84,26.51180407
1.75,70,22.85714286
1.65,68,24.97704316
1.65,57,20.93663912
1.7,53,18.33910035
1.6,55,21.484375
1.68,70,24.8015873
1.63,72,27.09925101
1.63,55,20.70081674
1.63,70,26.34649403
1.68,70,24.8015873
